{
  "GOOG": {
    "operators": {
      "ma": {
        "windows": [
          5,
          10,
          20,
          50
        ],
        "ma_5": 224.89000000000001,
        "ma_10": 216.88600000000002,
        "ma_20": 209.80450000000002,
        "ma_50": 195.83059999999998
      },
      "rsi": {
        "period": 14,
        "rsi": 83.47345132743362,
        "signal": "overbought"
      },
      "drop_alert": {
        "days": 1,
        "threshold": 15.0,
        "current_price": 235.17,
        "past_price": 232.66,
        "percent_change": 1.078827473566574,
        "is_alert": false,
        "message": "GOOG 1D change 1.08%"
      }
    },
    "summary": {
      "trend": "up",
      "rsi_signal": "overbought",
      "drop_alert": false,
      "drop_change": 1.078827473566574
    }
  }
}